"year","avg_sales_year"
2015,2435.335962091203
2016,383.86564395250116
2017,305.61101285584016
