"Region","sales_2017","sales_2016"
Southwest,1874222.0483999574,1620126.033499969
Northwest,1182472.0107999742,1030830.4108999744
Canada,613732.8199999813,499881.38839998166
Southeast,7826.518099999999,2928.6258999999995
